{"meta": {"version": "7.2.7", "timestamp": "2025-10-17T00:02:13.069183", "branch_coverage": false, "show_contexts": false}, "files": {"scripts/auto-fix-links.py": {"executed_lines": [], "summary": {"covered_lines": 0, "num_statements": 55, "percent_covered": 0.0, "percent_covered_display": "0", "missing_lines": 55, "excluded_lines": 0}, "missing_lines": [2, 7, 8, 9, 11, 14, 51, 53, 54, 56, 57, 58, 59, 62, 65, 66, 67, 68, 69, 70, 73, 74, 75, 76, 77, 78, 79, 82, 83, 84, 85, 86, 87, 90, 91, 92, 93, 96, 97, 98, 99, 101, 102, 104, 107, 109, 112, 129, 130, 131, 132, 134, 135, 138, 139], "excluded_lines": []}, "scripts/calculate_compliance_score.py": {"executed_lines": [], "summary": {"covered_lines": 0, "num_statements": 25, "percent_covered": 0.0, "percent_covered_display": "0", "missing_lines": 25, "excluded_lines": 0}, "missing_lines": [2, 9, 10, 13, 15, 16, 17, 18, 20, 21, 23, 24, 26, 27, 29, 31, 32, 33, 36, 37, 38, 39, 40, 43, 44], "excluded_lines": []}, "scripts/count-tokens.py": {"executed_lines": [2, 9, 10, 11, 12, 13, 14, 15, 19, 20, 24, 25, 26, 27, 33, 34, 36, 37, 38, 40, 41, 42, 47, 49, 50, 53, 55, 57, 60, 61, 62, 63, 64, 67, 68, 70, 71, 72, 73, 76, 77, 78, 81, 82, 84, 86, 87, 89, 91, 93, 94, 96, 97, 99, 100, 101, 106, 108, 114, 116, 118, 120, 126, 127, 128, 129, 130, 135, 137, 139, 140, 141, 142, 143, 146, 147, 150, 153, 154, 156, 157, 158, 159, 160, 163, 166, 167, 168, 171, 174, 175, 176, 177, 179, 181, 183, 186, 188, 190, 191, 192, 194, 195, 197, 198, 200, 201, 202, 204, 209, 213, 214, 217, 218, 219, 220, 222, 228, 229, 230, 232, 235, 236, 261, 268, 274, 280, 286, 292, 294, 295, 298, 299, 300, 301, 305, 308, 309, 310, 311, 313, 315, 325, 328, 329, 331, 332, 335, 340, 343, 344, 347, 348], "summary": {"covered_lines": 152, "num_statements": 168, "percent_covered": 90.47619047619048, "percent_covered_display": "90", "missing_lines": 16, "excluded_lines": 0}, "missing_lines": [28, 29, 30, 43, 44, 45, 149, 210, 223, 224, 225, 303, 304, 316, 322, 323], "excluded_lines": []}, "scripts/discover-skills.py": {"executed_lines": [2, 9, 10, 11, 12, 13, 14, 15, 16, 20, 21, 24, 25, 27, 28, 29, 30, 31, 33, 34, 35, 37, 39, 41, 43, 44, 45, 46, 47, 48, 49, 50, 52, 54, 56, 59, 60, 62, 63, 66, 69, 79, 80, 82, 84, 86, 89, 90, 92, 93, 95, 97, 99, 100, 101, 102, 106, 108, 109, 111, 112, 113, 114, 116, 119, 121, 123, 125, 127, 128, 129, 131, 133, 135, 136, 137, 139, 141, 142, 143, 145, 148, 149, 150, 151, 155, 157, 159, 160, 161, 162, 164, 166, 168, 169, 171, 174, 176, 177, 179, 180, 183, 184, 185, 186, 188, 190, 192, 194, 195, 196, 198, 199, 200, 202, 203, 205, 206, 208, 210, 212, 215, 216, 242, 249, 255, 260, 265, 270, 275, 281, 287, 293, 299, 301, 302, 305, 307, 310, 311, 312, 314, 315, 316, 318, 319, 320, 322, 323, 324, 325, 326, 327, 328, 330, 334, 336, 337, 338, 341, 342, 345, 346, 347, 350, 351, 352, 353, 356, 357, 361, 362, 364, 367, 368], "summary": {"covered_lines": 174, "num_statements": 180, "percent_covered": 96.66666666666667, "percent_covered_display": "97", "missing_lines": 6, "excluded_lines": 0}, "missing_lines": [64, 103, 104, 172, 331, 332], "excluded_lines": []}, "scripts/ensure-hub-links.py": {"executed_lines": [], "summary": {"covered_lines": 0, "num_statements": 87, "percent_covered": 0.0, "percent_covered_display": "0", "missing_lines": 87, "excluded_lines": 0}, "missing_lines": [2, 6, 7, 8, 10, 12, 15, 17, 18, 19, 22, 24, 25, 28, 30, 31, 32, 34, 35, 36, 37, 40, 41, 42, 44, 47, 49, 50, 52, 53, 55, 57, 58, 61, 62, 63, 65, 68, 69, 70, 72, 75, 77, 78, 81, 82, 85, 86, 100, 103, 106, 108, 109, 110, 111, 112, 115, 117, 122, 123, 126, 128, 129, 132, 135, 136, 139, 141, 144, 146, 147, 148, 150, 152, 153, 154, 156, 157, 160, 162, 163, 166, 167, 168, 170, 173, 174], "excluded_lines": []}, "scripts/fix-claude-references.py": {"executed_lines": [], "summary": {"covered_lines": 0, "num_statements": 34, "percent_covered": 0.0, "percent_covered_display": "0", "missing_lines": 34, "excluded_lines": 0}, "missing_lines": [2, 7, 8, 10, 13, 17, 25, 26, 27, 28, 30, 31, 34, 36, 37, 38, 40, 42, 43, 45, 47, 48, 50, 52, 53, 55, 56, 57, 60, 61, 62, 63, 66, 67], "excluded_lines": []}, "scripts/fix-final-broken-links.py": {"executed_lines": [], "summary": {"covered_lines": 0, "num_statements": 81, "percent_covered": 0.0, "percent_covered_display": "0", "missing_lines": 81, "excluded_lines": 0}, "missing_lines": [2, 6, 7, 9, 12, 14, 17, 70, 71, 72, 73, 74, 75, 76, 79, 81, 84, 85, 86, 88, 92, 93, 94, 97, 98, 99, 101, 104, 105, 110, 115, 119, 122, 123, 126, 128, 131, 132, 133, 134, 135, 136, 139, 141, 144, 145, 146, 147, 148, 149, 152, 153, 154, 155, 156, 157, 158, 161, 162, 163, 167, 170, 172, 174, 175, 176, 178, 180, 182, 187, 188, 191, 193, 195, 196, 197, 198, 199, 201, 204, 205], "excluded_lines": []}, "scripts/fix-final-readmes.py": {"executed_lines": [], "summary": {"covered_lines": 0, "num_statements": 34, "percent_covered": 0.0, "percent_covered_display": "0", "missing_lines": 34, "excluded_lines": 0}, "missing_lines": [2, 6, 8, 11, 13, 14, 15, 16, 19, 20, 23, 24, 25, 26, 27, 28, 29, 30, 33, 35, 36, 38, 40, 41, 44, 46, 48, 71, 72, 73, 75, 77, 80, 81], "excluded_lines": []}, "scripts/fix-hub-violations.py": {"executed_lines": [], "summary": {"covered_lines": 0, "num_statements": 100, "percent_covered": 0.0, "percent_covered_display": "0", "missing_lines": 100, "excluded_lines": 0}, "missing_lines": [2, 7, 8, 9, 11, 13, 16, 18, 19, 20, 23, 25, 28, 29, 31, 33, 34, 36, 37, 38, 40, 43, 45, 46, 48, 49, 51, 52, 53, 55, 56, 57, 58, 59, 61, 64, 65, 66, 69, 72, 73, 74, 75, 76, 77, 79, 81, 82, 83, 84, 87, 88, 89, 90, 92, 93, 94, 95, 96, 98, 99, 101, 104, 105, 107, 108, 109, 110, 112, 113, 114, 117, 118, 120, 121, 122, 123, 125, 126, 127, 129, 130, 131, 133, 135, 138, 140, 142, 144, 145, 146, 147, 148, 149, 150, 152, 154, 155, 158, 159], "excluded_lines": []}, "scripts/fix-remaining-links.py": {"executed_lines": [], "summary": {"covered_lines": 0, "num_statements": 76, "percent_covered": 0.0, "percent_covered_display": "0", "missing_lines": 76, "excluded_lines": 0}, "missing_lines": [2, 6, 7, 9, 12, 16, 17, 18, 21, 24, 27, 28, 31, 36, 38, 39, 42, 43, 44, 46, 49, 51, 52, 55, 59, 60, 61, 62, 63, 64, 67, 80, 81, 82, 83, 84, 85, 86, 87, 88, 91, 95, 96, 97, 98, 99, 100, 101, 102, 105, 106, 107, 108, 109, 110, 113, 114, 115, 116, 117, 118, 119, 122, 123, 124, 125, 126, 127, 130, 131, 132, 133, 134, 135, 138, 139], "excluded_lines": []}, "scripts/generate-audit-reports.py": {"executed_lines": [], "summary": {"covered_lines": 0, "num_statements": 376, "percent_covered": 0.0, "percent_covered_display": "0", "missing_lines": 376, "excluded_lines": 0},